<?xml version="1.0" encoding="UTF-8"?>
<project-private xmlns="http://www.netbeans.org/ns/project-private/1">
    <editor-bookmarks xmlns="http://www.netbeans.org/ns/editor-bookmarks/2" lastBookmarkId="0"/>
    <open-files xmlns="http://www.netbeans.org/ns/projectui-open-files/2">
        <group>
            <file>file:/C:/Users/Albert/OneDrive/Documents/NetBeansProjects/Prog2-Practica3/ChenJamesVillanuevaAlbert_Pr31/src/prog2/vista/CentralUB.java</file>
            <file>file:/C:/Users/Albert/OneDrive/Documents/NetBeansProjects/Prog2-Practica3/ChenJamesVillanuevaAlbert_Pr31/src/prog2/vista/IniciadorCentralUB.java</file>
            <file>file:/C:/Users/Albert/OneDrive/Documents/NetBeansProjects/Prog2-Practica3/ChenJamesVillanuevaAlbert_Pr31/src/prog2/model/Turbina.java</file>
            <file>file:/C:/Users/Albert/OneDrive/Documents/NetBeansProjects/Prog2-Practica3/ChenJamesVillanuevaAlbert_Pr31/src/prog2/model/BombaRefrigerant.java</file>
            <file>file:/C:/Users/Albert/OneDrive/Documents/NetBeansProjects/Prog2-Practica3/ChenJamesVillanuevaAlbert_Pr31/src/prog2/model/PaginaBitacola.java</file>
            <file>file:/C:/Users/Albert/OneDrive/Documents/NetBeansProjects/Prog2-Practica3/ChenJamesVillanuevaAlbert_Pr31/src/prog2/model/Dades.java</file>
            <file>file:/C:/Users/Albert/OneDrive/Documents/NetBeansProjects/Prog2-Practica3/ChenJamesVillanuevaAlbert_Pr31/src/prog2/model/Reactor.java</file>
            <file>file:/C:/Users/Albert/OneDrive/Documents/NetBeansProjects/Prog2-Practica3/ChenJamesVillanuevaAlbert_Pr31/src/prog2/vista/Menu.java</file>
            <file>file:/C:/Users/Albert/OneDrive/Documents/NetBeansProjects/Prog2-Practica3/ChenJamesVillanuevaAlbert_Pr31/src/prog2/model/InDades.java</file>
            <file>file:/C:/Users/Albert/OneDrive/Documents/NetBeansProjects/Prog2-Practica3/ChenJamesVillanuevaAlbert_Pr31/src/prog2/model/VariableUniforme.java</file>
            <file>file:/C:/Users/Albert/OneDrive/Documents/NetBeansProjects/Prog2-Practica3/ChenJamesVillanuevaAlbert_Pr31/src/prog2/model/PaginaEconomica.java</file>
            <file>file:/C:/Users/Albert/OneDrive/Documents/NetBeansProjects/Prog2-Practica3/ChenJamesVillanuevaAlbert_Pr31/src/prog2/model/PaginaIncidencies.java</file>
            <file>file:/C:/Users/Albert/OneDrive/Documents/NetBeansProjects/Prog2-Practica3/ChenJamesVillanuevaAlbert_Pr31/src/prog2/vista/CentralUBException.java</file>
            <file>file:/C:/Users/Albert/OneDrive/Documents/NetBeansProjects/Prog2-Practica3/ChenJamesVillanuevaAlbert_Pr31/src/prog2/model/GeneradorVapor.java</file>
            <file>file:/C:/Users/Albert/OneDrive/Documents/NetBeansProjects/Prog2-Practica3/ChenJamesVillanuevaAlbert_Pr31/src/prog2/model/InBombaRefrigerant.java</file>
            <file>file:/C:/Users/Albert/OneDrive/Documents/NetBeansProjects/Prog2-Practica3/ChenJamesVillanuevaAlbert_Pr31/src/prog2/model/InComponent.java</file>
            <file>file:/C:/Users/Albert/OneDrive/Documents/NetBeansProjects/Prog2-Practica3/ChenJamesVillanuevaAlbert_Pr31/src/prog2/vista/VariableNormal.java</file>
            <file>file:/C:/Users/Albert/OneDrive/Documents/NetBeansProjects/Prog2-Practica3/ChenJamesVillanuevaAlbert_Pr31/src/prog2/model/PaginaEstat.java</file>
            <file>file:/C:/Users/Albert/OneDrive/Documents/NetBeansProjects/Prog2-Practica3/ChenJamesVillanuevaAlbert_Pr31/src/prog2/model/SistemaRefrigeracio.java</file>
            <file>file:/C:/Users/Albert/OneDrive/Documents/NetBeansProjects/Prog2-Practica3/ChenJamesVillanuevaAlbert_Pr31/src/prog2/model/Bitacola.java</file>
            <file>file:/C:/Users/Albert/OneDrive/Documents/NetBeansProjects/Prog2-Practica3/ChenJamesVillanuevaAlbert_Pr31/src/prog2/model/InBitacola.java</file>
            <file>file:/C:/Users/Albert/OneDrive/Documents/NetBeansProjects/Prog2-Practica3/ChenJamesVillanuevaAlbert_Pr31/src/prog2/adaptador/Adaptador.java</file>
        </group>
    </open-files>
</project-private>
